OBJECTID,COMID,FDATE,RESOLUTION,GNIS_ID,GNIS_NAME,LENGTHKM,REACHCODE,FLOWDIR,WBAREACOMI,FTYPE,FCODE,SHAPE_LENG,ENABLED,GNIS_NBR,Shape_Length
1,23519439,2001-01-25 0:00:00,Medium,386480,Marsh Creek,1.574,17060205000323,With Digitized,0,StreamRiver,46006,0.017817122,True,0,0.017817122
2,23519441,2001-01-25 0:00:00,Medium,386480,Marsh Creek,2.008,17060205000324,With Digitized,0,StreamRiver,46006,0.022249517,True,0,0.022249518
3,23519443,2001-01-25 0:00:00,Medium,386480,Marsh Creek,0.685,17060205000325,With Digitized,0,StreamRiver,46006,0.007450764,True,0,0.007450763
4,23519445,2001-01-25 0:00:00,Medium,386480,Marsh Creek,0.47,17060205000326,With Digitized,0,StreamRiver,46006,0.005007029,True,0,0.00500703
5,23519447,2001-01-25 0:00:00,Medium,386480,Marsh Creek,0.937,17060205000327,With Digitized,0,StreamRiver,46006,0.00990375,True,0,0.00990375
6,23519451,2001-01-25 0:00:00,Medium,386480,Marsh Creek,1.557,17060205000328,With Digitized,0,StreamRiver,46006,0.016178919,True,0,0.016178918
7,23519449,2001-01-25 0:00:00,Medium,386480,Marsh Creek,0.778,17060205000328,With Digitized,0,StreamRiver,46006,0.00865783,True,0,0.008657831
8,23519453,2001-01-25 0:00:00,Medium,386480,Marsh Creek,0.363,17060205000328,With Digitized,0,StreamRiver,46006,0.004506074,True,0,0.004506074
9,23519455,2001-01-25 0:00:00,Medium,386480,Marsh Creek,0.416,17060205000329,With Digitized,0,StreamRiver,46006,0.004666113,True,0,0.004666114
10,23519457,2001-01-25 0:00:00,Medium,386480,Marsh Creek,0.631,17060205000330,With Digitized,0,StreamRiver,46006,0.006100688,True,0,0.006100689
11,23519459,2001-01-25 0:00:00,Medium,386480,Marsh Creek,0.709,17060205000331,With Digitized,0,StreamRiver,46006,0.006716653,True,0,0.006716652
12,23519479,2001-01-25 0:00:00,Medium,386480,Marsh Creek,1.546,17060205000340,With Digitized,0,StreamRiver,46006,0.016861997,True,0,0.016861996
13,23519481,2001-01-25 0:00:00,Medium,386480,Marsh Creek,0.572,17060205000341,With Digitized,0,StreamRiver,46006,0.006294044,True,0,0.006294044
14,23519483,2001-01-25 0:00:00,Medium,386480,Marsh Creek,0.487,17060205000342,With Digitized,0,StreamRiver,46006,0.005184235,True,0,0.005184235
15,23519487,2001-01-25 0:00:00,Medium,386480,Marsh Creek,0.188,17060205000343,With Digitized,0,StreamRiver,46006,0.002065691,True,0,0.002065691
16,23519485,2001-01-25 0:00:00,Medium,386480,Marsh Creek,0.932,17060205000343,With Digitized,0,StreamRiver,46006,0.010161489,True,0,0.01016149
17,23519489,2001-01-25 0:00:00,Medium,386480,Marsh Creek,1.335,17060205000344,With Digitized,0,StreamRiver,46006,0.01401948,True,0,0.01401948
18,23519491,2001-01-25 0:00:00,Medium,386480,Marsh Creek,0.317,17060205000345,With Digitized,0,StreamRiver,46006,0.003673918,True,0,0.003673919
19,23520065,2001-01-25 0:00:00,Medium,386480,Marsh Creek,0.911,17060205000567,With Digitized,0,StreamRiver,46006,0.009899245,True,0,0.009899245
20,23523187,2001-01-25 0:00:00,Medium,386480,Marsh Creek,0.11,17060205000567,With Digitized,0,StreamRiver,46006,0.001154169,True,0,0.001154169
21,23520067,2001-01-25 0:00:00,Medium,386480,Marsh Creek,0.753,17060205000568,With Digitized,0,StreamRiver,46006,0.008417491,True,0,0.008417492
22,23520069,2001-01-25 0:00:00,Medium,386480,Marsh Creek,0.378,17060205000569,With Digitized,0,StreamRiver,46006,0.003854327,True,0,0.003854326
23,23520071,2001-01-25 0:00:00,Medium,386480,Marsh Creek,0.573,17060205000570,With Digitized,0,StreamRiver,46006,0.00594422,True,0,0.005944218
24,23520073,2001-01-25 0:00:00,Medium,386480,Marsh Creek,1.919,17060205000571,With Digitized,0,StreamRiver,46006,0.021079159,True,0,0.021079159
25,23520075,2001-01-25 0:00:00,Medium,386480,Marsh Creek,1.722,17060205000571,With Digitized,0,StreamRiver,46006,0.017623177,True,0,0.017623178
26,23523361,2001-01-25 0:00:00,Medium,386480,Marsh Creek,0.066,17060205001681,With Digitized,0,StreamRiver,46006,0.000684094,True,0,0.000684095
1,23531885,2001-01-25 0:00:00,Medium,377483,Big Creek Lower,2.247,17060206000034,With Digitized,0,StreamRiver,46006,0.027314687,True,0,0.027314686
2,23531887,2001-01-25 0:00:00,Medium,377483,Big Creek Lower,0.522,17060206000035,With Digitized,0,StreamRiver,46006,0.005998719,True,0,0.00599872
3,23531889,2001-01-25 0:00:00,Medium,377483,Big Creek Lower,1.06,17060206000036,With Digitized,0,StreamRiver,46006,0.01253652,True,0,0.012536519
4,23531891,2001-01-25 0:00:00,Medium,377483,Big Creek Lower,1.025,17060206000037,With Digitized,0,StreamRiver,46006,0.011488525,True,0,0.011488525
5,23531893,2001-01-25 0:00:00,Medium,377483,Big Creek Lower,0.636,17060206000038,With Digitized,0,StreamRiver,46006,0.007981163,True,0,0.007981163
6,23531895,2001-01-25 0:00:00,Medium,377483,Big Creek Lower,1.276,17060206000039,With Digitized,0,StreamRiver,46006,0.015206115,True,0,0.015206115
7,23531897,2001-01-25 0:00:00,Medium,377483,Big Creek Lower,1.208,17060206000040,With Digitized,0,StreamRiver,46006,0.014724676,True,0,0.014724676
8,23531905,2001-01-25 0:00:00,Medium,377483,Big Creek Lower,0.689,17060206000044,With Digitized,0,StreamRiver,46006,0.008482744,True,0,0.008482745
9,23531907,2001-01-25 0:00:00,Medium,377483,Big Creek Lower,2.096,17060206000045,With Digitized,0,StreamRiver,46006,0.02467801,True,0,0.024678008
10,23531913,2001-01-25 0:00:00,Medium,377483,Big Creek Lower,0.145,17060206000048,With Digitized,0,StreamRiver,46006,0.001840582,True,0,0.001840582
11,23531915,2001-01-25 0:00:00,Medium,377483,Big Creek Lower,0.786,17060206000049,With Digitized,0,StreamRiver,46006,0.009840153,True,0,0.009840153
12,23531917,2001-01-25 0:00:00,Medium,377483,Big Creek Lower,4.316,17060206000050,With Digitized,0,StreamRiver,46006,0.050854703,True,0,0.050854704
13,23531919,2001-01-25 0:00:00,Medium,377483,Big Creek Lower,2.721,17060206000051,With Digitized,0,StreamRiver,46006,0.031537492,True,0,0.031537493
14,23531921,2001-01-25 0:00:00,Medium,377483,Big Creek Lower,0.678,17060206000052,With Digitized,0,StreamRiver,46006,0.007523191,True,0,0.007523192
15,23531937,2001-01-25 0:00:00,Medium,377483,Big Creek Lower,2.247,17060206000059,With Digitized,0,StreamRiver,46006,0.026555587,True,0,0.026555587
16,23531945,2001-01-25 0:00:00,Medium,377483,Big Creek Lower,0.424,17060206000063,With Digitized,0,StreamRiver,46006,0.004869536,True,0,0.004869536
1,23532009,2001-01-25 0:00:00,Medium,377483,Big Creek Upper,0.474,17060206000090,With Digitized,0,StreamRiver,46006,0.005977084,True,0,0.005977084
2,23532033,2001-01-25 0:00:00,Medium,377483,Big Creek Upper,1.808,17060206000102,With Digitized,0,StreamRiver,46003,0.021997949,True,0,0.02199795
3,23532035,2001-01-25 0:00:00,Medium,377483,Big Creek Upper,1.174,17060206000103,With Digitized,0,StreamRiver,46006,0.014295345,True,0,0.014295346
4,23532037,2001-01-25 0:00:00,Medium,377483,Big Creek Upper,0.674,17060206000104,With Digitized,0,StreamRiver,46006,0.007877016,True,0,0.007877015
5,23532039,2001-01-25 0:00:00,Medium,377483,Big Creek Upper,0.933,17060206000105,With Digitized,0,StreamRiver,46006,0.011243337,True,0,0.011243338
6,23532041,2001-01-25 0:00:00,Medium,377483,Big Creek Upper,0.095,17060206000106,With Digitized,0,StreamRiver,46006,0.001127515,True,0,0.001127515
7,23532043,2001-01-25 0:00:00,Medium,377483,Big Creek Upper,0.879,17060206000107,With Digitized,0,StreamRiver,46006,0.010597199,True,0,0.010597199
8,23532045,2001-01-25 0:00:00,Medium,377483,Big Creek Upper,1.762,17060206000108,With Digitized,0,StreamRiver,46006,0.021405366,True,0,0.021405366
9,23532069,2001-01-25 0:00:00,Medium,377483,Big Creek Upper,0.581,17060206000119,With Digitized,0,StreamRiver,46006,0.006827052,True,0,0.006827053
10,23532071,2001-01-25 0:00:00,Medium,377483,Big Creek Upper,2.702,17060206000120,With Digitized,0,StreamRiver,46006,0.032527032,True,0,0.032527031
11,23532073,2001-01-25 0:00:00,Medium,377483,Big Creek Upper,1.56,17060206000121,With Digitized,0,StreamRiver,46006,0.01901057,True,0,0.019010569
12,23532085,2001-01-25 0:00:00,Medium,377483,Big Creek Upper,1.957,17060206000127,With Digitized,0,StreamRiver,46006,0.021146823,True,0,0.021146823
13,23532087,2001-01-25 0:00:00,Medium,377483,Big Creek Upper,2.313,17060206000128,With Digitized,0,StreamRiver,46006,0.022519144,True,0,0.022519143
14,23534747,2001-01-25 0:00:00,Medium,377483,Big Creek Upper,0.069,17060206000128,With Digitized,0,StreamRiver,46003,0.000625766,True,0,0.000625766
15,23532089,2001-01-25 0:00:00,Medium,377483,Big Creek Upper,0.314,17060206000129,With Digitized,0,StreamRiver,46006,0.002929012,True,0,0.002929011
16,23532105,2001-01-25 0:00:00,Medium,377483,Big Creek Upper,2.933,17060206000137,With Digitized,0,StreamRiver,46003,0.030115284,True,0,0.030115282
17,23532107,2001-01-25 0:00:00,Medium,377483,Big Creek Upper,2.184,17060206000138,With Digitized,0,StreamRiver,46006,0.021977362,True,0,0.021977363
18,23532109,2001-01-25 0:00:00,Medium,377483,Big Creek Upper,2.883,17060206000139,With Digitized,0,StreamRiver,46006,0.033410678,True,0,0.033410679
19,23532111,2001-01-25 0:00:00,Medium,377483,Big Creek Upper,2.073,17060206000140,With Digitized,0,StreamRiver,46006,0.025545394,True,0,0.025545394
20,23532113,2001-01-25 0:00:00,Medium,377483,Big Creek Upper,5.788,17060206000141,With Digitized,0,StreamRiver,46006,0.068644439,True,0,0.068644439
1,23519365,2001-01-25 0:00:00,Medium,377200,Bear Valley Creek,3.209,17060205000295,With Digitized,0,StreamRiver,46006,0.033411138,True,0,0.033411137
2,23519367,2001-01-25 0:00:00,Medium,377200,Bear Valley Creek,0.899,17060205000295,With Digitized,0,StreamRiver,46006,0.009679716,True,0,0.009679716
3,23519369,2001-01-25 0:00:00,Medium,377200,Bear Valley Creek,2.436,17060205000296,With Digitized,0,StreamRiver,46006,0.026524005,True,0,0.026524008
4,23519371,2001-01-25 0:00:00,Medium,377200,Bear Valley Creek,0.806,17060205000296,With Digitized,0,StreamRiver,46006,0.008575594,True,0,0.008575594
5,23519373,2001-01-25 0:00:00,Medium,377200,Bear Valley Creek,1.397,17060205000297,With Digitized,0,StreamRiver,46006,0.014579766,True,0,0.014579767
6,23519375,2001-01-25 0:00:00,Medium,377200,Bear Valley Creek,0.624,17060205000298,With Digitized,0,StreamRiver,46006,0.006491827,True,0,0.006491827
7,23519377,2001-01-25 0:00:00,Medium,377200,Bear Valley Creek,2.485,17060205000299,With Digitized,0,StreamRiver,46006,0.026568967,True,0,0.026568968
8,23519379,2001-01-25 0:00:00,Medium,377200,Bear Valley Creek,3.345,17060205000300,With Digitized,0,StreamRiver,46006,0.037646689,True,0,0.037646688
9,23519381,2001-01-25 0:00:00,Medium,377200,Bear Valley Creek,2.209,17060205000301,With Digitized,0,StreamRiver,46006,0.024623879,True,0,0.024623879
10,23519383,2001-01-25 0:00:00,Medium,377200,Bear Valley Creek,0.949,17060205000302,With Digitized,0,StreamRiver,46006,0.010668928,True,0,0.01066893
11,23519385,2001-01-25 0:00:00,Medium,377200,Bear Valley Creek,0.472,17060205000303,With Digitized,0,StreamRiver,46006,0.005339699,True,0,0.005339699
12,23519387,2001-01-25 0:00:00,Medium,377200,Bear Valley Creek,1.078,17060205000303,With Digitized,0,StreamRiver,46006,0.01072224,True,0,0.010722238
13,23519389,2001-01-25 0:00:00,Medium,377200,Bear Valley Creek,2.157,17060205000304,With Digitized,0,StreamRiver,46006,0.022867615,True,0,0.022867612
14,23519391,2001-01-25 0:00:00,Medium,377200,Bear Valley Creek,1.319,17060205000305,With Digitized,0,StreamRiver,46006,0.013411403,True,0,0.013411404
15,23519393,2001-01-25 0:00:00,Medium,377200,Bear Valley Creek,0.998,17060205000306,With Digitized,0,StreamRiver,46006,0.0099485,True,0,0.009948501
16,23519395,2001-01-25 0:00:00,Medium,377200,Bear Valley Creek,0.67,17060205000307,With Digitized,0,StreamRiver,46003,0.006712467,True,0,0.006712469
17,23519397,2001-01-25 0:00:00,Medium,377200,Bear Valley Creek,2.565,17060205000308,With Digitized,0,StreamRiver,46003,0.025168915,True,0,0.025168914
18,23519399,2001-01-25 0:00:00,Medium,377200,Bear Valley Creek,0.289,17060205000309,With Digitized,0,StreamRiver,46006,0.002837391,True,0,0.002837391
19,23519401,2001-01-25 0:00:00,Medium,377200,Bear Valley Creek,0.423,17060205000310,With Digitized,0,StreamRiver,46006,0.003971303,True,0,0.003971302
20,23519403,2001-01-25 0:00:00,Medium,377200,Bear Valley Creek,0.981,17060205000311,With Digitized,0,StreamRiver,46006,0.009722153,True,0,0.009722152
21,23519405,2001-01-25 0:00:00,Medium,377200,Bear Valley Creek,2.113,17060205000311,With Digitized,0,StreamRiver,46006,0.02238234,True,0,0.02238234
1,23519323,2001-01-25 0:00:00,Medium,381357,Elk Creek,0.133,17060205000279,With Digitized,0,StreamRiver,46006,0.001633746,True,0,0.001633746
2,23519321,2001-01-25 0:00:00,Medium,381357,Elk Creek,0.408,17060205000279,With Digitized,0,StreamRiver,46006,0.004415583,True,0,0.004415583
3,23519325,2001-01-25 0:00:00,Medium,381357,Elk Creek,1.568,17060205000280,With Digitized,0,StreamRiver,46006,0.017439267,True,0,0.017439267
4,23519329,2001-01-25 0:00:00,Medium,381357,Elk Creek,1.915,17060205000281,With Digitized,0,StreamRiver,46006,0.021148719,True,0,0.021148719
5,23519327,2001-01-25 0:00:00,Medium,381357,Elk Creek,1.984,17060205000281,With Digitized,0,StreamRiver,46006,0.021744324,True,0,0.021744324
6,23519331,2001-01-25 0:00:00,Medium,381357,Elk Creek,0.664,17060205000282,With Digitized,0,StreamRiver,46006,0.007694675,True,0,0.007694674
7,23519333,2001-01-25 0:00:00,Medium,381357,Elk Creek,0.564,17060205000283,With Digitized,0,StreamRiver,46006,0.006405004,True,0,0.006405004
8,23519335,2001-01-25 0:00:00,Medium,381357,Elk Creek,2.158,17060205000284,With Digitized,0,StreamRiver,46006,0.024010097,True,0,0.024010097
9,23519337,2001-01-25 0:00:00,Medium,381357,Elk Creek,2.245,17060205000284,With Digitized,0,StreamRiver,46006,0.025221459,True,0,0.02522146
10,23519339,2001-01-25 0:00:00,Medium,381357,Elk Creek,0.879,17060205000285,With Digitized,0,StreamRiver,46006,0.010212886,True,0,0.010212886
11,23519341,2001-01-25 0:00:00,Medium,381357,Elk Creek,1.667,17060205000286,With Digitized,0,StreamRiver,46006,0.017514582,True,0,0.017514581
12,23519343,2001-01-25 0:00:00,Medium,381357,Elk Creek,1.896,17060205000286,With Digitized,0,StreamRiver,46006,0.020282643,True,0,0.020282645
13,23519347,2001-01-25 0:00:00,Medium,381357,Elk Creek,2.509,17060205000287,With Digitized,0,StreamRiver,46006,0.025385718,True,0,0.025385719
14,23519345,2001-01-25 0:00:00,Medium,381357,Elk Creek,2.1,17060205000287,With Digitized,0,StreamRiver,46006,0.023084151,True,0,0.02308415
15,23519349,2001-01-25 0:00:00,Medium,381357,Elk Creek,1.312,17060205000288,With Digitized,0,StreamRiver,46006,0.014249391,True,0,0.014249391
16,23519351,2001-01-25 0:00:00,Medium,381357,Elk Creek,1.836,17060205000289,With Digitized,0,StreamRiver,46006,0.019606022,True,0,0.019606024
17,23519353,2001-01-25 0:00:00,Medium,381357,Elk Creek,0.631,17060205000290,With Digitized,0,StreamRiver,46006,0.006150805,True,0,0.006150805
18,23519355,2001-01-25 0:00:00,Medium,381357,Elk Creek,1.078,17060205000291,With Digitized,0,StreamRiver,46006,0.011621602,True,0,0.011621603
1,23519189,2001-01-25 0:00:00,Medium,391601,Sulphur Creek,1.424,17060205000223,With Digitized,0,StreamRiver,46006,0.014846621,True,0,0.014846622
2,23519191,2001-01-25 0:00:00,Medium,391601,Sulphur Creek,0.673,17060205000224,With Digitized,0,StreamRiver,46006,0.007296473,True,0,0.007296473
3,23519193,2001-01-25 0:00:00,Medium,391601,Sulphur Creek,0.716,17060205000225,With Digitized,0,StreamRiver,46006,0.008390776,True,0,0.008390777
4,23519195,2001-01-25 0:00:00,Medium,391601,Sulphur Creek,0.407,17060205000226,With Digitized,0,StreamRiver,46006,0.00491554,True,0,0.00491554
5,23519197,2001-01-25 0:00:00,Medium,391601,Sulphur Creek,0.172,17060205000227,With Digitized,0,StreamRiver,46006,0.002121018,True,0,0.002121018
6,23519199,2001-01-25 0:00:00,Medium,391601,Sulphur Creek,0.966,17060205000228,With Digitized,0,StreamRiver,46006,0.011230208,True,0,0.011230209
7,23519201,2001-01-25 0:00:00,Medium,391601,Sulphur Creek,2.84,17060205000229,With Digitized,0,StreamRiver,46006,0.030885822,True,0,0.030885819
8,23519203,2001-01-25 0:00:00,Medium,391601,Sulphur Creek,0.347,17060205000230,With Digitized,0,StreamRiver,46006,0.003702274,True,0,0.003702274
9,23519205,2001-01-25 0:00:00,Medium,391601,Sulphur Creek,0.416,17060205000231,With Digitized,0,StreamRiver,46006,0.004574538,True,0,0.004574539
10,23519207,2001-01-25 0:00:00,Medium,391601,Sulphur Creek,0.22,17060205000232,With Digitized,0,StreamRiver,46006,0.002393443,True,0,0.002393444
11,23519209,2001-01-25 0:00:00,Medium,391601,Sulphur Creek,0.979,17060205000233,With Digitized,0,StreamRiver,46006,0.010409096,True,0,0.010409096
12,23519211,2001-01-25 0:00:00,Medium,391601,Sulphur Creek,1.205,17060205000234,With Digitized,0,StreamRiver,46006,0.013587778,True,0,0.013587776
13,23519213,2001-01-25 0:00:00,Medium,391601,Sulphur Creek,0.26,17060205000235,With Digitized,0,StreamRiver,46003,0.002648169,True,0,0.002648169
14,23519215,2001-01-25 0:00:00,Medium,391601,Sulphur Creek,0.359,17060205000236,With Digitized,0,StreamRiver,46006,0.003971459,True,0,0.003971459
15,23519217,2001-01-25 0:00:00,Medium,391601,Sulphur Creek,0.843,17060205000236,With Digitized,0,StreamRiver,46006,0.009113505,True,0,0.009113506
16,23519219,2001-01-25 0:00:00,Medium,391601,Sulphur Creek,0.616,17060205000237,With Digitized,0,StreamRiver,46006,0.006958911,True,0,0.006958911
17,23519221,2001-01-25 0:00:00,Medium,391601,Sulphur Creek,2.118,17060205000238,With Digitized,0,StreamRiver,46006,0.023051939,True,0,0.023051938
18,23519223,2001-01-25 0:00:00,Medium,391601,Sulphur Creek,0.728,17060205000239,With Digitized,0,StreamRiver,46006,0.007395806,True,0,0.007395806
19,23519225,2001-01-25 0:00:00,Medium,391601,Sulphur Creek,0.914,17060205000240,With Digitized,0,StreamRiver,46006,0.010891135,True,0,0.010891135
20,23519227,2001-01-25 0:00:00,Medium,391601,Sulphur Creek,1.026,17060205000241,With Digitized,0,StreamRiver,46006,0.011522515,True,0,0.011522515
21,23519229,2001-01-25 0:00:00,Medium,391601,Sulphur Creek,1.456,17060205000242,With Digitized,0,StreamRiver,46006,0.017632276,True,0,0.017632275
22,23519231,2001-01-25 0:00:00,Medium,391601,Sulphur Creek,0.764,17060205000243,With Digitized,0,StreamRiver,46006,0.008721165,True,0,0.008721166
23,23519233,2001-01-25 0:00:00,Medium,391601,Sulphur Creek,0.226,17060205000244,With Digitized,0,StreamRiver,46006,0.002597663,True,0,0.002597662
24,23519235,2001-01-25 0:00:00,Medium,391601,Sulphur Creek,2.297,17060205000245,With Digitized,0,StreamRiver,46006,0.027742635,True,0,0.027742635
25,23519237,2001-01-25 0:00:00,Medium,391601,Sulphur Creek,1.765,17060205000246,With Digitized,0,StreamRiver,46006,0.021364022,True,0,0.021364022
26,23519241,2001-01-25 0:00:00,Medium,391601,Sulphur Creek,2.421,17060205000247,With Digitized,0,StreamRiver,46006,0.025575617,True,0,0.025575617
27,23519239,2001-01-25 0:00:00,Medium,391601,Sulphur Creek,0.576,17060205000247,With Digitized,0,StreamRiver,46006,0.006510372,True,0,0.006510372
28,23519243,2001-01-25 0:00:00,Medium,391601,Sulphur Creek,2.625,17060205000248,With Digitized,0,StreamRiver,46006,0.026702985,True,0,0.026702985
1,23519461,2001-01-25 0:00:00,Medium,378896,Cape Horn Creek,3.187,17060205000332,With Digitized,0,StreamRiver,46006,0.034084799,True,0,0.0340848
2,23519465,2001-01-25 0:00:00,Medium,378896,Cape Horn Creek,0.395,17060205000333,With Digitized,0,StreamRiver,46006,0.003796761,True,0,0.003796761
3,23519463,2001-01-25 0:00:00,Medium,378896,Cape Horn Creek,0.251,17060205000333,With Digitized,0,StreamRiver,46006,0.002423951,True,0,0.00242395
4,23519467,2001-01-25 0:00:00,Medium,378896,Cape Horn Creek,1.878,17060205000334,With Digitized,0,StreamRiver,46006,0.019788484,True,0,0.019788486
5,23519469,2001-01-25 0:00:00,Medium,378896,Cape Horn Creek,0.419,17060205000335,With Digitized,0,StreamRiver,46006,0.004373313,True,0,0.004373313
6,23519471,2001-01-25 0:00:00,Medium,378896,Cape Horn Creek,0.444,17060205000336,With Digitized,0,StreamRiver,46006,0.004989464,True,0,0.004989465
7,23519473,2001-01-25 0:00:00,Medium,378896,Cape Horn Creek,0.04,17060205000337,With Digitized,0,StreamRiver,46006,0.000468882,True,0,0.000468882
8,23519475,2001-01-25 0:00:00,Medium,378896,Cape Horn Creek,3.673,17060205000338,With Digitized,0,StreamRiver,46006,0.044443971,True,0,0.044443971
9,23519477,2001-01-25 0:00:00,Medium,378896,Cape Horn Creek,4.852,17060205000339,With Digitized,0,StreamRiver,46006,0.051387365,True,0,0.051387364
1,23532443,2001-01-25 0:00:00,Medium,378735,Camas Creek,0.968,17060206000275,With Digitized,0,StreamRiver,46006,0.01179603,True,0,0.01179603
2,23532439,2001-01-25 0:00:00,Medium,378735,Camas Creek,0.037,17060206000275,With Digitized,23537239,ArtificialPath,55800,0.000473559,True,0,0.000473559
3,23532441,2001-01-25 0:00:00,Medium,378735,Camas Creek,0.379,17060206000275,With Digitized,0,StreamRiver,46006,0.004492679,True,0,0.004492679
4,23532445,2001-01-25 0:00:00,Medium,378735,Camas Creek,1.181,17060206000276,With Digitized,0,StreamRiver,46006,0.013745012,True,0,0.013745012
5,23532447,2001-01-25 0:00:00,Medium,378735,Camas Creek,0.114,17060206000277,With Digitized,0,StreamRiver,46006,0.001416106,True,0,0.001416106
6,23532449,2001-01-25 0:00:00,Medium,378735,Camas Creek,0.808,17060206000278,With Digitized,0,StreamRiver,46006,0.009185607,True,0,0.009185607
7,23532451,2001-01-25 0:00:00,Medium,378735,Camas Creek,0.704,17060206000279,With Digitized,0,StreamRiver,46006,0.008290677,True,0,0.008290677
8,23532453,2001-01-25 0:00:00,Medium,378735,Camas Creek,0.88,17060206000280,With Digitized,0,StreamRiver,46006,0.010629511,True,0,0.010629511
9,23532455,2001-01-25 0:00:00,Medium,378735,Camas Creek,0.581,17060206000281,With Digitized,0,StreamRiver,46006,0.007319801,True,0,0.007319801
10,23532457,2001-01-25 0:00:00,Medium,378735,Camas Creek,1.381,17060206000282,With Digitized,0,StreamRiver,46006,0.016961202,True,0,0.016961202
11,23532459,2001-01-25 0:00:00,Medium,378735,Camas Creek,1.845,17060206000283,With Digitized,0,StreamRiver,46006,0.021306512,True,0,0.021306512
12,23532461,2001-01-25 0:00:00,Medium,378735,Camas Creek,0.442,17060206000284,With Digitized,0,StreamRiver,46006,0.005490319,True,0,0.005490319
13,23532463,2001-01-25 0:00:00,Medium,378735,Camas Creek,1.207,17060206000285,With Digitized,0,StreamRiver,46006,0.013786539,True,0,0.013786539
14,23532465,2001-01-25 0:00:00,Medium,378735,Camas Creek,0.299,17060206000286,With Digitized,0,StreamRiver,46006,0.003603634,True,0,0.003603635
15,23532467,2001-01-25 0:00:00,Medium,378735,Camas Creek,1.132,17060206000287,With Digitized,0,StreamRiver,46006,0.013918119,True,0,0.013918119
16,23532469,2001-01-25 0:00:00,Medium,378735,Camas Creek,0.893,17060206000288,With Digitized,0,StreamRiver,46006,0.010629533,True,0,0.010629532
17,23532471,2001-01-25 0:00:00,Medium,378735,Camas Creek,0.609,17060206000289,With Digitized,0,StreamRiver,46006,0.007080732,True,0,0.007080732
18,23532473,2001-01-25 0:00:00,Medium,378735,Camas Creek,0.689,17060206000290,With Digitized,0,StreamRiver,46006,0.008007947,True,0,0.008007947
19,23532475,2001-01-25 0:00:00,Medium,378735,Camas Creek,0.304,17060206000291,With Digitized,0,StreamRiver,46006,0.00313503,True,0,0.003135031
20,23532477,2001-01-25 0:00:00,Medium,378735,Camas Creek,0.709,17060206000291,With Digitized,0,StreamRiver,46006,0.007540642,True,0,0.007540642
21,23532479,2001-01-25 0:00:00,Medium,378735,Camas Creek,1.99,17060206000292,With Digitized,0,StreamRiver,46003,0.022357674,True,0,0.022357675
22,23532481,2001-01-25 0:00:00,Medium,378735,Camas Creek,0.089,17060206000293,With Digitized,0,StreamRiver,46006,0.001007734,True,0,0.001007734
23,23532483,2001-01-25 0:00:00,Medium,378735,Camas Creek,1.702,17060206000294,With Digitized,0,StreamRiver,46006,0.019399443,True,0,0.019399443
24,23532485,2001-01-25 0:00:00,Medium,378735,Camas Creek,0.189,17060206000295,With Digitized,0,StreamRiver,46006,0.001701559,True,0,0.00170156
25,23532487,2001-01-25 0:00:00,Medium,378735,Camas Creek,1.226,17060206000296,With Digitized,0,StreamRiver,46006,0.013525316,True,0,0.013525316
26,23532489,2001-01-25 0:00:00,Medium,378735,Camas Creek,0.093,17060206000297,With Digitized,0,StreamRiver,46006,0.00083939,True,0,0.00083939
27,23532491,2001-01-25 0:00:00,Medium,378735,Camas Creek,1.759,17060206000298,With Digitized,0,StreamRiver,46006,0.018486341,True,0,0.01848634
28,23532519,2001-01-25 0:00:00,Medium,378735,Camas Creek,0.275,17060206000312,With Digitized,0,StreamRiver,46006,0.003231455,True,0,0.003231457
29,23532521,2001-01-25 0:00:00,Medium,378735,Camas Creek,1.744,17060206000313,With Digitized,0,StreamRiver,46006,0.017562748,True,0,0.017562748
30,23532523,2001-01-25 0:00:00,Medium,378735,Camas Creek,2.818,17060206000314,With Digitized,0,StreamRiver,46006,0.030548504,True,0,0.030548504
31,23532525,2001-01-25 0:00:00,Medium,378735,Camas Creek,0.944,17060206000315,With Digitized,0,StreamRiver,46006,0.00878555,True,0,0.00878555
32,23532527,2001-01-25 0:00:00,Medium,378735,Camas Creek,0.058,17060206000316,With Digitized,0,StreamRiver,46006,0.000524452,True,0,0.000524452
33,23532529,2001-01-25 0:00:00,Medium,378735,Camas Creek,2.725,17060206000317,With Digitized,0,StreamRiver,46006,0.026402749,True,0,0.02640275
34,23532531,2001-01-25 0:00:00,Medium,378735,Camas Creek,0.539,17060206000318,With Digitized,0,StreamRiver,46006,0.005603511,True,0,0.005603511
35,23532533,2001-01-25 0:00:00,Medium,378735,Camas Creek,0.997,17060206000319,With Digitized,0,StreamRiver,46006,0.009100298,True,0,0.009100299
36,23532535,2001-01-25 0:00:00,Medium,378735,Camas Creek,2.014,17060206000320,With Digitized,0,StreamRiver,46006,0.019259912,True,0,0.019259911
37,23532537,2001-01-25 0:00:00,Medium,378735,Camas Creek,2.081,17060206000321,With Digitized,0,StreamRiver,46006,0.020026164,True,0,0.020026165
38,23532541,2001-01-25 0:00:00,Medium,378735,Camas Creek,0.447,17060206000321,With Digitized,0,StreamRiver,46006,0.004556985,True,0,0.004556985
39,23532539,2001-01-25 0:00:00,Medium,378735,Camas Creek,0.113,17060206000321,With Digitized,0,StreamRiver,46006,0.001419023,True,0,0.001419023
40,23532543,2001-01-25 0:00:00,Medium,378735,Camas Creek,1.359,17060206000322,With Digitized,0,StreamRiver,46006,0.012996562,True,0,0.012996562
41,23532545,2001-01-25 0:00:00,Medium,378735,Camas Creek,0.138,17060206000322,With Digitized,0,StreamRiver,46006,0.001237924,True,0,0.001237925
42,23532547,2001-01-25 0:00:00,Medium,378735,Camas Creek,0.063,17060206000322,With Digitized,0,StreamRiver,46006,0.000737187,True,0,0.000737187
43,23532549,2001-01-25 0:00:00,Medium,378735,Camas Creek,0.296,17060206000323,With Digitized,0,StreamRiver,46006,0.002707785,True,0,0.002707785
44,23532551,2001-01-25 0:00:00,Medium,378735,Camas Creek,1.567,17060206000324,With Digitized,0,StreamRiver,46006,0.017014455,True,0,0.017014455
45,23532553,2001-01-25 0:00:00,Medium,378735,Camas Creek,1.268,17060206000325,With Digitized,0,StreamRiver,46006,0.014003013,True,0,0.014003013
46,23532555,2001-01-25 0:00:00,Medium,378735,Camas Creek,0.097,17060206000326,With Digitized,0,StreamRiver,46006,0.001078956,True,0,0.001078955
47,23532557,2001-01-25 0:00:00,Medium,378735,Camas Creek,1.28,17060206000327,With Digitized,0,StreamRiver,46006,0.015043431,True,0,0.015043431
48,23532559,2001-01-25 0:00:00,Medium,378735,Camas Creek,0.64,17060206000328,With Digitized,0,StreamRiver,46006,0.007563799,True,0,0.007563799
49,23532561,2001-01-25 0:00:00,Medium,378735,Camas Creek,1.48,17060206000329,With Digitized,0,StreamRiver,46006,0.017605115,True,0,0.017605115
50,23532563,2001-01-25 0:00:00,Medium,378735,Camas Creek,0.082,17060206000330,With Digitized,0,StreamRiver,46006,0.000914432,True,0,0.000914432
51,23532565,2001-01-25 0:00:00,Medium,378735,Camas Creek,4.496,17060206000331,With Digitized,0,StreamRiver,46006,0.048123604,True,0,0.048123604
52,23532567,2001-01-25 0:00:00,Medium,378735,Camas Creek,1.02,17060206000332,With Digitized,0,StreamRiver,46006,0.011052672,True,0,0.011052672
53,23532569,2001-01-25 0:00:00,Medium,378735,Camas Creek,1.774,17060206000333,With Digitized,0,StreamRiver,46006,0.019722299,True,0,0.019722298
1,23519869,2001-01-25 0:00:00,Medium,399100,Loon Creek,0.417,17060205000017,With Digitized,23526939,ArtificialPath,55800,0.003849302,True,0,0.003849302
2,23519781,2001-01-25 0:00:00,Medium,399100,Loon Creek,1.788,17060205000462,With Digitized,0,StreamRiver,46006,0.01812173,True,0,0.018121731
3,23519783,2001-01-25 0:00:00,Medium,399100,Loon Creek,0.528,17060205000463,With Digitized,0,StreamRiver,46006,0.005113743,True,0,0.005113743
4,23519785,2001-01-25 0:00:00,Medium,399100,Loon Creek,0.723,17060205000464,With Digitized,0,StreamRiver,46006,0.007566315,True,0,0.007566315
5,23519787,2001-01-25 0:00:00,Medium,399100,Loon Creek,0.676,17060205000464,With Digitized,0,StreamRiver,46006,0.007542101,True,0,0.007542101
6,23519789,2001-01-25 0:00:00,Medium,399100,Loon Creek,0.154,17060205000465,With Digitized,0,StreamRiver,46006,0.001581713,True,0,0.001581713
7,23519791,2001-01-25 0:00:00,Medium,399100,Loon Creek,0.318,17060205000465,With Digitized,0,StreamRiver,46006,0.003474801,True,0,0.003474801
8,23519793,2001-01-25 0:00:00,Medium,399100,Loon Creek,1.126,17060205000466,With Digitized,0,StreamRiver,46006,0.013184207,True,0,0.013184208
9,23519795,2001-01-25 0:00:00,Medium,399100,Loon Creek,1.572,17060205000467,With Digitized,0,StreamRiver,46006,0.01822216,True,0,0.018222159
10,23519797,2001-01-25 0:00:00,Medium,399100,Loon Creek,0.677,17060205000468,With Digitized,0,StreamRiver,46006,0.007787637,True,0,0.007787637
11,23519799,2001-01-25 0:00:00,Medium,399100,Loon Creek,1.253,17060205000469,With Digitized,0,StreamRiver,46006,0.013613004,True,0,0.013613004
12,23519801,2001-01-25 0:00:00,Medium,399100,Loon Creek,0.112,17060205000470,With Digitized,0,StreamRiver,46006,0.001012381,True,0,0.001012381
13,23519803,2001-01-25 0:00:00,Medium,399100,Loon Creek,0.464,17060205000471,With Digitized,0,StreamRiver,46006,0.005027453,True,0,0.005027453
14,23519805,2001-01-25 0:00:00,Medium,399100,Loon Creek,0.108,17060205000471,With Digitized,0,StreamRiver,46006,0.001152052,True,0,0.001152053
15,23519807,2001-01-25 0:00:00,Medium,399100,Loon Creek,0.784,17060205000471,With Digitized,0,StreamRiver,46006,0.008906887,True,0,0.008906887
16,23519811,2001-01-25 0:00:00,Medium,399100,Loon Creek,0.193,17060205000472,With Digitized,0,StreamRiver,46006,0.002118581,True,0,0.002118582
17,23519809,2001-01-25 0:00:00,Medium,399100,Loon Creek,0.511,17060205000472,With Digitized,0,StreamRiver,46006,0.005681642,True,0,0.005681642
18,23519813,2001-01-25 0:00:00,Medium,399100,Loon Creek,0.169,17060205000472,With Digitized,0,StreamRiver,46006,0.001666467,True,0,0.001666467
19,23519815,2001-01-25 0:00:00,Medium,399100,Loon Creek,0.508,17060205000473,With Digitized,0,StreamRiver,46006,0.005422597,True,0,0.005422598
20,23519817,2001-01-25 0:00:00,Medium,399100,Loon Creek,2.388,17060205000474,With Digitized,0,StreamRiver,46006,0.024926555,True,0,0.024926554
21,23519819,2001-01-25 0:00:00,Medium,399100,Loon Creek,1.05,17060205000475,With Digitized,0,StreamRiver,46006,0.009882528,True,0,0.009882528
22,23519821,2001-01-25 0:00:00,Medium,399100,Loon Creek,0.075,17060205000476,With Digitized,0,StreamRiver,46006,0.000676581,True,0,0.000676581
23,23519823,2001-01-25 0:00:00,Medium,399100,Loon Creek,0.084,17060205000476,With Digitized,0,StreamRiver,46006,0.000802784,True,0,0.000802784
24,23519827,2001-01-25 0:00:00,Medium,399100,Loon Creek,0.571,17060205000477,With Digitized,0,StreamRiver,46006,0.005389027,True,0,0.005389027
25,23519825,2001-01-25 0:00:00,Medium,399100,Loon Creek,0.127,17060205000477,With Digitized,0,StreamRiver,46006,0.001183625,True,0,0.001183625
26,23519843,2001-01-25 0:00:00,Medium,399100,Loon Creek,1.63,17060205000484,With Digitized,0,StreamRiver,46006,0.015245033,True,0,0.015245034
27,23519845,2001-01-25 0:00:00,Medium,399100,Loon Creek,0.969,17060205000485,With Digitized,0,StreamRiver,46006,0.009447431,True,0,0.00944743
28,23519847,2001-01-25 0:00:00,Medium,399100,Loon Creek,1.315,17060205000486,With Digitized,0,StreamRiver,46006,0.01425575,True,0,0.01425575
29,23519849,2001-01-25 0:00:00,Medium,399100,Loon Creek,0.115,17060205000486,With Digitized,0,StreamRiver,46006,0.001450189,True,0,0.00145019
30,23519851,2001-01-25 0:00:00,Medium,399100,Loon Creek,1.265,17060205000487,With Digitized,0,StreamRiver,46006,0.014754814,True,0,0.014754814
31,23519853,2001-01-25 0:00:00,Medium,399100,Loon Creek,1.527,17060205000488,With Digitized,0,StreamRiver,46006,0.01771246,True,0,0.01771246
32,23519855,2001-01-25 0:00:00,Medium,399100,Loon Creek,0.134,17060205000489,With Digitized,0,StreamRiver,46006,0.001367559,True,0,0.001367558
33,23519857,2001-01-25 0:00:00,Medium,399100,Loon Creek,1.609,17060205000489,With Digitized,0,StreamRiver,46006,0.016036559,True,0,0.016036559
34,23519859,2001-01-25 0:00:00,Medium,399100,Loon Creek,1.395,17060205000490,With Digitized,0,StreamRiver,46006,0.013045939,True,0,0.013045938
35,23519861,2001-01-25 0:00:00,Medium,399100,Loon Creek,0.905,17060205000491,With Digitized,0,StreamRiver,46006,0.008954011,True,0,0.00895401
36,23519863,2001-01-25 0:00:00,Medium,399100,Loon Creek,0.694,17060205000492,With Digitized,0,StreamRiver,46006,0.007288731,True,0,0.007288731
37,23519865,2001-01-25 0:00:00,Medium,399100,Loon Creek,0.692,17060205000493,With Digitized,0,StreamRiver,46006,0.007655395,True,0,0.007655395
38,23519867,2001-01-25 0:00:00,Medium,399100,Loon Creek,1.162,17060205000494,With Digitized,0,StreamRiver,46006,0.011254047,True,0,0.011254046
39,23519871,2001-01-25 0:00:00,Medium,399100,Loon Creek,0.334,17060205000495,With Digitized,0,StreamRiver,46006,0.003203235,True,0,0.003203235
40,23520023,2001-01-25 0:00:00,Medium,399100,Loon Creek,0.562,17060205000550,With Digitized,0,StreamRiver,46006,0.005889787,True,0,0.005889787
41,23520025,2001-01-25 0:00:00,Medium,399100,Loon Creek,0.647,17060205000551,With Digitized,0,StreamRiver,46006,0.00653949,True,0,0.006539489
42,23522261,2001-01-25 0:00:00,Medium,399100,Loon Creek,0.051,17060205001326,With Digitized,0,StreamRiver,46006,0.000607689,True,0,0.000607689
1,23478957,2001-01-25 0:00:00,Medium,392677,Valley Creek,0.2,17060201000427,With Digitized,0,StreamRiver,46006,0.002185467,True,0,0.002185467
2,23478959,2001-01-25 0:00:00,Medium,392677,Valley Creek,1.226,17060201000427,With Digitized,0,StreamRiver,46006,0.013211817,True,0,0.013211818
3,23478961,2001-01-25 0:00:00,Medium,392677,Valley Creek,0.295,17060201000428,With Digitized,0,StreamRiver,46006,0.003497003,True,0,0.003497003
4,23478963,2001-01-25 0:00:00,Medium,392677,Valley Creek,0.828,17060201000429,With Digitized,0,StreamRiver,46006,0.009007729,True,0,0.009007729
5,23478965,2001-01-25 0:00:00,Medium,392677,Valley Creek,0.14,17060201000430,With Digitized,0,StreamRiver,46006,0.001607192,True,0,0.001607192
6,23478967,2001-01-25 0:00:00,Medium,392677,Valley Creek,0.818,17060201000431,With Digitized,0,StreamRiver,46006,0.009555682,True,0,0.009555682
7,23478969,2001-01-25 0:00:00,Medium,392677,Valley Creek,3.544,17060201000432,With Digitized,0,StreamRiver,46006,0.041152301,True,0,0.0411523
8,23478971,2001-01-25 0:00:00,Medium,392677,Valley Creek,0.268,17060201000433,With Digitized,0,StreamRiver,46006,0.002944233,True,0,0.002944234
9,23478973,2001-01-25 0:00:00,Medium,392677,Valley Creek,1.067,17060201000434,With Digitized,0,StreamRiver,46006,0.011262271,True,0,0.011262271
10,23478975,2001-01-25 0:00:00,Medium,392677,Valley Creek,1.422,17060201000435,With Digitized,0,StreamRiver,46006,0.014175792,True,0,0.014175793
11,23478977,2001-01-25 0:00:00,Medium,392677,Valley Creek,0.259,17060201000436,With Digitized,0,StreamRiver,46006,0.00239206,True,0,0.00239206
12,23478979,2001-01-25 0:00:00,Medium,392677,Valley Creek,1.853,17060201000437,With Digitized,0,StreamRiver,46006,0.018865538,True,0,0.018865536
13,23478981,2001-01-25 0:00:00,Medium,392677,Valley Creek,0.597,17060201000438,With Digitized,0,StreamRiver,46006,0.006090643,True,0,0.006090644
14,23478983,2001-01-25 0:00:00,Medium,392677,Valley Creek,3.698,17060201000439,With Digitized,0,StreamRiver,46006,0.039710151,True,0,0.039710152
15,23478985,2001-01-25 0:00:00,Medium,392677,Valley Creek,0.722,17060201000440,With Digitized,0,StreamRiver,46006,0.008368494,True,0,0.008368495
16,23478987,2001-01-25 0:00:00,Medium,392677,Valley Creek,2.698,17060201000441,With Digitized,0,StreamRiver,46006,0.030710247,True,0,0.030710245
17,23478989,2001-01-25 0:00:00,Medium,392677,Valley Creek,0.683,17060201000442,With Digitized,0,StreamRiver,46006,0.007368483,True,0,0.007368484
18,23478991,2001-01-25 0:00:00,Medium,392677,Valley Creek,4.824,17060201000443,With Digitized,0,StreamRiver,46006,0.049521326,True,0,0.049521324
19,23478993,2001-01-25 0:00:00,Medium,392677,Valley Creek,3.149,17060201000444,With Digitized,0,StreamRiver,46006,0.032420103,True,0,0.032420101
20,23478995,2001-01-25 0:00:00,Medium,392677,Valley Creek,4.454,17060201000445,With Digitized,0,StreamRiver,46006,0.045098719,True,0,0.045098719
21,23478997,2001-01-25 0:00:00,Medium,392677,Valley Creek,0.694,17060201000446,With Digitized,0,StreamRiver,46006,0.007778443,True,0,0.007778442
22,23478999,2001-01-25 0:00:00,Medium,392677,Valley Creek,1.728,17060201000447,With Digitized,0,StreamRiver,46006,0.019021337,True,0,0.019021337
23,23479001,2001-01-25 0:00:00,Medium,392677,Valley Creek,1.113,17060201000448,With Digitized,0,StreamRiver,46006,0.012743513,True,0,0.012743511
24,23479003,2001-01-25 0:00:00,Medium,392677,Valley Creek,0.218,17060201000449,With Digitized,0,StreamRiver,46006,0.002619266,True,0,0.002619266
25,23479005,2001-01-25 0:00:00,Medium,392677,Valley Creek,0.415,17060201000450,With Digitized,0,StreamRiver,46006,0.004874208,True,0,0.004874208
26,23479007,2001-01-25 0:00:00,Medium,392677,Valley Creek,0.364,17060201000451,With Digitized,0,StreamRiver,46006,0.004389696,True,0,0.004389695
27,23479011,2001-01-25 0:00:00,Medium,392677,Valley Creek,0.332,17060201000452,With Digitized,23490817,ArtificialPath,55800,0.003732248,True,0,0.003732248
28,23479013,2001-01-25 0:00:00,Medium,392677,Valley Creek,0.481,17060201000452,With Digitized,0,StreamRiver,46006,0.005539326,True,0,0.005539325
29,23479009,2001-01-25 0:00:00,Medium,392677,Valley Creek,2.567,17060201000452,With Digitized,0,StreamRiver,46006,0.02763388,True,0,0.02763388
1,23479821,2001-01-25 0:00:00,Medium,383113,Herd Creek,1.642,17060201000799,With Digitized,0,StreamRiver,46006,0.017682509,True,0,0.017682508
2,23479823,2001-01-25 0:00:00,Medium,383113,Herd Creek,0.74,17060201000800,With Digitized,0,StreamRiver,46006,0.008098335,True,0,0.008098335
3,23479825,2001-01-25 0:00:00,Medium,383113,Herd Creek,0.757,17060201000801,With Digitized,0,StreamRiver,46006,0.007727472,True,0,0.007727473
4,23479827,2001-01-25 0:00:00,Medium,383113,Herd Creek,1.793,17060201000802,With Digitized,0,StreamRiver,46006,0.018877482,True,0,0.018877483
5,23479829,2001-01-25 0:00:00,Medium,383113,Herd Creek,0.304,17060201000803,With Digitized,0,StreamRiver,46006,0.003278618,True,0,0.003278617
6,23479831,2001-01-25 0:00:00,Medium,383113,Herd Creek,1.739,17060201000804,With Digitized,0,StreamRiver,46006,0.018187581,True,0,0.01818758
7,23479833,2001-01-25 0:00:00,Medium,383113,Herd Creek,0.95,17060201000805,With Digitized,0,StreamRiver,46006,0.009552366,True,0,0.009552366
8,23479835,2001-01-25 0:00:00,Medium,383113,Herd Creek,2.332,17060201000806,With Digitized,0,StreamRiver,46006,0.024821349,True,0,0.024821351
9,23479837,2001-01-25 0:00:00,Medium,383113,Herd Creek,0.416,17060201000807,With Digitized,0,StreamRiver,46006,0.004210615,True,0,0.004210614
10,23479839,2001-01-25 0:00:00,Medium,383113,Herd Creek,0.959,17060201000808,With Digitized,0,StreamRiver,46006,0.009469598,True,0,0.009469598
11,23479841,2001-01-25 0:00:00,Medium,383113,Herd Creek,0.396,17060201000809,With Digitized,0,StreamRiver,46006,0.003901432,True,0,0.003901432
12,23480119,2001-01-25 0:00:00,Medium,383113,Herd Creek,2.296,17060201000929,With Digitized,0,StreamRiver,46006,0.022245452,True,0,0.022245453
1,23551450,2001-01-25 0:00:00,Medium,391017,South Fork Salmon River,4.871,17060208000234,With Digitized,0,StreamRiver,46006,0.050513942,True,0,0.050513942
2,23551452,2001-01-25 0:00:00,Medium,391017,South Fork Salmon River,0.566,17060208000235,With Digitized,0,StreamRiver,46006,0.005832662,True,0,0.005832662
3,23551454,2001-01-25 0:00:00,Medium,391017,South Fork Salmon River,2.39,17060208000236,With Digitized,0,StreamRiver,46006,0.025718349,True,0,0.025718349
4,23551456,2001-01-25 0:00:00,Medium,391017,South Fork Salmon River,2.471,17060208000237,With Digitized,0,StreamRiver,46006,0.026824729,True,0,0.026824727
5,23551458,2001-01-25 0:00:00,Medium,391017,South Fork Salmon River,1.013,17060208000238,With Digitized,0,StreamRiver,46006,0.010817814,True,0,0.010817814
6,23551460,2001-01-25 0:00:00,Medium,391017,South Fork Salmon River,0.88,17060208000239,With Digitized,0,StreamRiver,46006,0.008955281,True,0,0.008955283
7,23551462,2001-01-25 0:00:00,Medium,391017,South Fork Salmon River,0.295,17060208000240,With Digitized,0,StreamRiver,46006,0.003196882,True,0,0.003196882
8,23551464,2001-01-25 0:00:00,Medium,391017,South Fork Salmon River,0.66,17060208000241,With Digitized,0,StreamRiver,46006,0.006909526,True,0,0.006909526
9,23551466,2001-01-25 0:00:00,Medium,391017,South Fork Salmon River,0.645,17060208000242,With Digitized,0,StreamRiver,46006,0.006232791,True,0,0.006232791
10,23551468,2001-01-25 0:00:00,Medium,391017,South Fork Salmon River,0.464,17060208000243,With Digitized,0,StreamRiver,46006,0.004225475,True,0,0.004225475
11,23551470,2001-01-25 0:00:00,Medium,391017,South Fork Salmon River,0.401,17060208000244,With Digitized,0,StreamRiver,46006,0.00361338,True,0,0.00361338
12,23551472,2001-01-25 0:00:00,Medium,391017,South Fork Salmon River,1.762,17060208000245,With Digitized,0,StreamRiver,46006,0.016303949,True,0,0.01630395
13,23551474,2001-01-25 0:00:00,Medium,391017,South Fork Salmon River,0.768,17060208000246,With Digitized,0,StreamRiver,46006,0.007150138,True,0,0.007150138
14,23551476,2001-01-25 0:00:00,Medium,391017,South Fork Salmon River,0.798,17060208000247,With Digitized,0,StreamRiver,46006,0.007689433,True,0,0.007689433
15,23551478,2001-01-25 0:00:00,Medium,391017,South Fork Salmon River,1.968,17060208000248,With Digitized,0,StreamRiver,46006,0.019431672,True,0,0.019431673
16,23551480,2001-01-25 0:00:00,Medium,391017,South Fork Salmon River,2.143,17060208000249,With Digitized,0,StreamRiver,46006,0.022564969,True,0,0.022564969
17,23551482,2001-01-25 0:00:00,Medium,391017,South Fork Salmon River,0.793,17060208000250,With Digitized,0,StreamRiver,46006,0.008027269,True,0,0.00802727
18,23551484,2001-01-25 0:00:00,Medium,391017,South Fork Salmon River,1.636,17060208000251,With Digitized,0,StreamRiver,46006,0.01583222,True,0,0.015832219
19,23551486,2001-01-25 0:00:00,Medium,391017,South Fork Salmon River,2.857,17060208000252,With Digitized,0,StreamRiver,46006,0.031699057,True,0,0.031699057
1,23551116,2001-01-25 0:00:00,Medium,390075,Secesh River,3.535,17060208000073,With Digitized,0,StreamRiver,46006,0.039876918,True,0,0.039876916
2,23551118,2001-01-25 0:00:00,Medium,390075,Secesh River,1.399,17060208000074,With Digitized,0,StreamRiver,46006,0.015674772,True,0,0.015674772
3,23551122,2001-01-25 0:00:00,Medium,390075,Secesh River,1.23,17060208000076,With Digitized,0,StreamRiver,46006,0.012073868,True,0,0.012073868
4,23551124,2001-01-25 0:00:00,Medium,390075,Secesh River,1.505,17060208000077,With Digitized,0,StreamRiver,46006,0.01554437,True,0,0.01554437
5,23551126,2001-01-25 0:00:00,Medium,390075,Secesh River,0.087,17060208000078,With Digitized,0,StreamRiver,46006,0.000829229,True,0,0.000829229
6,23551128,2001-01-25 0:00:00,Medium,390075,Secesh River,4.756,17060208000079,With Digitized,0,StreamRiver,46006,0.048074144,True,0,0.048074145
7,23551130,2001-01-25 0:00:00,Medium,390075,Secesh River,2.031,17060208000080,With Digitized,0,StreamRiver,46006,0.021576084,True,0,0.021576085
8,23551132,2001-01-25 0:00:00,Medium,390075,Secesh River,1.883,17060208000081,With Digitized,0,StreamRiver,46006,0.020713473,True,0,0.020713473
9,23551134,2001-01-25 0:00:00,Medium,390075,Secesh River,2.265,17060208000082,With Digitized,0,StreamRiver,46006,0.024337419,True,0,0.024337418
10,23551136,2001-01-25 0:00:00,Medium,390075,Secesh River,0.425,17060208000083,With Digitized,0,StreamRiver,46006,0.003986117,True,0,0.003986117
11,23551138,2001-01-25 0:00:00,Medium,390075,Secesh River,3.052,17060208000084,With Digitized,0,StreamRiver,46006,0.033060533,True,0,0.033060532
12,23551140,2001-01-25 0:00:00,Medium,390075,Secesh River,0.238,17060208000085,With Digitized,0,StreamRiver,46006,0.002562694,True,0,0.002562694
13,23551142,2001-01-25 0:00:00,Medium,390075,Secesh River,0.746,17060208000086,With Digitized,0,StreamRiver,46006,0.007351554,True,0,0.007351554
14,23551144,2001-01-25 0:00:00,Medium,390075,Secesh River,0.803,17060208000087,With Digitized,0,StreamRiver,46006,0.008499667,True,0,0.008499668
15,23551146,2001-01-25 0:00:00,Medium,390075,Secesh River,0.768,17060208000088,With Digitized,0,StreamRiver,46006,0.00733381,True,0,0.00733381
16,23551148,2001-01-25 0:00:00,Medium,390075,Secesh River,0.34,17060208000089,With Digitized,0,StreamRiver,46006,0.00338788,True,0,0.00338788
17,23551150,2001-01-25 0:00:00,Medium,390075,Secesh River,0.88,17060208000090,With Digitized,0,StreamRiver,46006,0.009226063,True,0,0.009226064
18,23551152,2001-01-25 0:00:00,Medium,390075,Secesh River,1.092,17060208000091,With Digitized,0,StreamRiver,46006,0.011559463,True,0,0.011559464
19,23551154,2001-01-25 0:00:00,Medium,390075,Secesh River,1.329,17060208000092,With Digitized,0,StreamRiver,46006,0.013235979,True,0,0.013235978
20,23551156,2001-01-25 0:00:00,Medium,390075,Secesh River,0.277,17060208000093,With Digitized,0,StreamRiver,46006,0.002570581,True,0,0.002570581
21,23551158,2001-01-25 0:00:00,Medium,390075,Secesh River,0.872,17060208000094,With Digitized,0,StreamRiver,46006,0.008710496,True,0,0.008710496
22,23551160,2001-01-25 0:00:00,Medium,390075,Secesh River,1.725,17060208000095,With Digitized,0,StreamRiver,46006,0.017830096,True,0,0.017830097
23,23551162,2001-01-25 0:00:00,Medium,390075,Secesh River,1.292,17060208000096,With Digitized,0,StreamRiver,46006,0.012903519,True,0,0.012903519
24,23551164,2001-01-25 0:00:00,Medium,390075,Secesh River,0.952,17060208000097,With Digitized,0,StreamRiver,46006,0.009980291,True,0,0.009980291
25,23551166,2001-01-25 0:00:00,Medium,390075,Secesh River,1.432,17060208000098,With Digitized,0,StreamRiver,46006,0.014799227,True,0,0.014799226
26,23551168,2001-01-25 0:00:00,Medium,390075,Secesh River,1.763,17060208000099,With Digitized,0,StreamRiver,46006,0.01811821,True,0,0.018118209
27,23551170,2001-01-25 0:00:00,Medium,390075,Secesh River,0.324,17060208000100,With Digitized,0,StreamRiver,46006,0.003628176,True,0,0.003628176
28,23551172,2001-01-25 0:00:00,Medium,390075,Secesh River,1.354,17060208000101,With Digitized,0,StreamRiver,46006,0.0139186,True,0,0.013918599
29,23551174,2001-01-25 0:00:00,Medium,390075,Secesh River,0.844,17060208000102,With Digitized,0,StreamRiver,46006,0.009294855,True,0,0.009294855
30,23551176,2001-01-25 0:00:00,Medium,390075,Secesh River,4.598,17060208000103,With Digitized,0,StreamRiver,46006,0.054151867,True,0,0.054151866
31,23551178,2001-01-25 0:00:00,Medium,390075,Secesh River,1.536,17060208000104,With Digitized,0,StreamRiver,46006,0.018872083,True,0,0.018872082
32,23551180,2005-07-22 0:00:00,Medium,390075,Secesh River,1.114,17060208000105,With Digitized,0,StreamRiver,46006,0.011895807,True,0,0.011895808
33,23551182,2005-07-22 0:00:00,Medium,390075,Secesh River,0.284,17060208000106,With Digitized,0,StreamRiver,46006,0.002938579,True,0,0.002938578
34,23551184,2005-07-22 0:00:00,Medium,390075,Secesh River,0.754,17060208000107,With Digitized,0,StreamRiver,46006,0.008292992,True,0,0.008292993
35,23551186,2005-07-22 0:00:00,Medium,390075,Secesh River,1.181,17060208000108,With Digitized,0,StreamRiver,46006,0.012724031,True,0,0.012724032
1,23540970,2001-01-25 0:00:00,Medium,379162,Chamberlain Creek,2.298,17060207000218,With Digitized,0,StreamRiver,46006,0.025455993,True,0,0.025455994
2,23540972,2001-01-25 0:00:00,Medium,379162,Chamberlain Creek,0.16,17060207000219,With Digitized,0,StreamRiver,46006,0.001783746,True,0,0.001783746
3,23540974,2001-01-25 0:00:00,Medium,379162,Chamberlain Creek,1.889,17060207000220,With Digitized,0,StreamRiver,46006,0.022352049,True,0,0.02235205
4,23540976,2001-01-25 0:00:00,Medium,379162,Chamberlain Creek,2.294,17060207000221,With Digitized,0,StreamRiver,46006,0.025482535,True,0,0.025482535
5,23540978,2001-01-25 0:00:00,Medium,379162,Chamberlain Creek,2.192,17060207000222,With Digitized,0,StreamRiver,46006,0.026436816,True,0,0.026436815
6,23540980,2001-01-25 0:00:00,Medium,379162,Chamberlain Creek,1.733,17060207000223,With Digitized,0,StreamRiver,46006,0.019945082,True,0,0.019945081
7,23540982,2001-01-25 0:00:00,Medium,379162,Chamberlain Creek,1.931,17060207000224,With Digitized,0,StreamRiver,46006,0.022083598,True,0,0.022083598
8,23540984,2001-01-25 0:00:00,Medium,379162,Chamberlain Creek,0.554,17060207000225,With Digitized,0,StreamRiver,46006,0.006569511,True,0,0.006569511
9,23540986,2001-01-25 0:00:00,Medium,379162,Chamberlain Creek,1.547,17060207000226,With Digitized,0,StreamRiver,46006,0.017875182,True,0,0.017875183
10,23540988,2001-01-25 0:00:00,Medium,379162,Chamberlain Creek,1.887,17060207000227,With Digitized,0,StreamRiver,46006,0.020790236,True,0,0.020790237
11,23540990,2001-01-25 0:00:00,Medium,379162,Chamberlain Creek,0.058,17060207000228,With Digitized,0,StreamRiver,46006,0.000722115,True,0,0.000722116
12,23540992,2001-01-25 0:00:00,Medium,379162,Chamberlain Creek,1.187,17060207000229,With Digitized,0,StreamRiver,46006,0.013046946,True,0,0.013046946
1,23540958,2001-01-25 0:00:00,Medium,393072,West Fork Chamberlain Creek,3.522,17060207000212,With Digitized,0,StreamRiver,46006,0.03935148,True,0,0.039351481
2,23540960,2001-01-25 0:00:00,Medium,393072,West Fork Chamberlain Creek,3.191,17060207000213,With Digitized,0,StreamRiver,46006,0.030051958,True,0,0.030051958
3,23540962,2001-01-25 0:00:00,Medium,393072,West Fork Chamberlain Creek,0.409,17060207000214,With Digitized,0,StreamRiver,46006,0.003792862,True,0,0.003792862
4,23540964,2001-01-25 0:00:00,Medium,393072,West Fork Chamberlain Creek,1.288,17060207000215,With Digitized,0,StreamRiver,46006,0.012686413,True,0,0.012686413
5,23540966,2001-01-25 0:00:00,Medium,393072,West Fork Chamberlain Creek,0.66,17060207000216,With Digitized,0,StreamRiver,46006,0.00774708,True,0,0.00774708
6,23540968,2001-01-25 0:00:00,Medium,393072,West Fork Chamberlain Creek,5.496,17060207000217,With Digitized,0,StreamRiver,46006,0.059301398,True,0,0.059301398
1,23551206,2001-01-25 0:00:00,Medium,384354,Lake Creek,0.352,17060208000004,With Digitized,23556106,ArtificialPath,55800,0.004293089,True,0,0.004293088
2,23551188,2001-01-25 0:00:00,Medium,384354,Lake Creek,1.066,17060208000109,With Digitized,0,StreamRiver,46006,0.010856941,True,0,0.010856942
3,23551190,2001-01-25 0:00:00,Medium,384354,Lake Creek,1.795,17060208000110,With Digitized,0,StreamRiver,46006,0.017307081,True,0,0.017307081
4,23551192,2001-01-25 0:00:00,Medium,384354,Lake Creek,0.332,17060208000111,With Digitized,0,StreamRiver,46006,0.003918026,True,0,0.003918026
5,23551194,2001-01-25 0:00:00,Medium,384354,Lake Creek,1.527,17060208000112,With Digitized,0,StreamRiver,46006,0.016432632,True,0,0.01643263
6,23551196,2001-01-25 0:00:00,Medium,384354,Lake Creek,2.989,17060208000113,With Digitized,0,StreamRiver,46006,0.029751069,True,0,0.029751068
7,23551198,2001-01-25 0:00:00,Medium,384354,Lake Creek,1.296,17060208000114,With Digitized,0,StreamRiver,46006,0.012488808,True,0,0.012488808
8,23551200,2001-01-25 0:00:00,Medium,384354,Lake Creek,3.828,17060208000115,With Digitized,0,StreamRiver,46006,0.039044378,True,0,0.039044378
9,23551202,2001-01-25 0:00:00,Medium,384354,Lake Creek,2.388,17060208000116,With Digitized,0,StreamRiver,46006,0.027498969,True,0,0.027498968
10,23551204,2001-01-25 0:00:00,Medium,384354,Lake Creek,0.581,17060208000117,With Digitized,0,StreamRiver,46006,0.00699629,True,0,0.006996291
11,23551208,2001-01-25 0:00:00,Medium,384354,Lake Creek,2.22,17060208000118,With Digitized,0,StreamRiver,46006,0.02765036,True,0,0.02765036